===============,,,===============,===============,===============,===============,===============,===============,===============,===============,,,,,,,,
DATE/TIME,LIGHTING,,VO2,VCO2,RER,FEED1,DRINK1,XTOT,XAMB,ZTOT,,,,,,,,
,,,ml/kg/hr,ml/kg/hr,,GRAMS,ml,COUNTS,COUNTS,COUNTS,,,,,,,,
===============,,,===============,===============,===============,===============,===============,===============,===============,===============,,,,,,,,
2/5/24 8:03,,,2160,1295,0.6,0,0,393,191,426,,,,,,,,
2/5/24 8:20,,,4260,3391,0.796,0,0,3280,1786,1810,,,,,,,,
2/5/24 8:37,,,3941,3276,0.831,0.06,0,2920,1423,1563,,,,,,,,
2/5/24 8:54,,,3502,3054,0.872,0.03,0,2476,1100,1468,,,,,,,,
2/5/24 9:11,,,3201,2915,0.911,0.13,0.076,1858,780,729,,,,,,,,
2/5/24 9:27,,,3360,3063,0.912,0,0.019,1855,745,663,,,,,,,,
2/5/24 9:44,,,3295,2819,0.856,0,0,1558,331,189,,,,,,,,
2/5/24 10:01,,,2394,2185,0.913,0.08,0,982,320,295,,,,,,,,
2/5/24 10:18,,,2457,2369,0.964,0.08,0.038,1041,227,214,,,,,,,,
2/5/24 10:35,,,2789,2527,0.906,0.09,0,1117,57,9,,,,,,,,
2/5/24 10:52,,,3174,2960,0.933,0,0.076,1842,569,434,,,,,,,,
2/5/24 11:09,,,2221,2039,0.918,0,0,1225,51,8,,,,,,,,
2/5/24 11:26,,,3128,2955,0.945,0.07,0,1758,579,579,,,,,,,,
2/5/24 11:42,,,2023,1854,0.917,0,0,616,71,0,,,,,,,,
2/5/24 11:59,,,3182,3023,0.95,0.12,0,1838,537,331,,,,,,,,
2/5/24 12:16,,,2296,2176,0.948,0,0,1074,35,0,,,,,,,,
2/5/24 12:33,,,2958,2745,0.928,0.16,0.019,1405,156,56,,,,,,,,
2/5/24 12:50,,,2379,2207,0.928,0,0,1221,65,378,,,,,,,,
2/5/24 13:07,,,2568,2402,0.935,0.04,0.038,1118,93,215,,,,,,,,
2/5/24 13:24,,,2281,2218,0.972,0.02,0.019,1357,180,28,,,,,,,,
2/5/24 13:41,,,2498,2363,0.946,0,0,1098,51,27,,,,,,,,
2/5/24 13:57,,,2537,2369,0.934,0.04,0,1050,70,8,,,,,,,,
2/5/24 14:14,,,3394,3229,0.951,0,0.057,1942,473,293,,,,,,,,
2/5/24 14:31,,,2973,2669,0.898,0.11,0,1540,259,55,,,,,,,,
2/5/24 14:48,,,2690,2406,0.894,0,0.057,1470,186,20,,,,,,,,
2/5/24 15:05,OFF1,1,2881,2724,0.946,0,0.057,1124,62,1,,,,,,,,
2/5/24 15:22,OFF1,2,2917,2737,0.938,0.09,0,860,217,77,,,,,,,,
2/5/24 15:39,OFF1,3,3438,3386,0.985,0.17,0.095,1509,246,37,,,,,,,,
2/5/24 15:56,OFF1,4,4113,3974,0.966,0,0,2935,1091,1198,,,,,,,,
2/5/24 16:12,OFF1,5,3407,3331,0.978,0.04,0.038,2213,1108,1894,,,,,,,,
2/5/24 16:29,OFF1,6,3542,3399,0.959,0,0.076,2013,777,1024,,,,,,,,
2/5/24 16:46,OFF1,7,2790,2564,0.919,0,0.019,1376,192,922,,,,,,,,
2/5/24 17:03,OFF1,8,3838,3754,0.978,0.18,0.076,2226,1007,1756,,,,,,,,
2/5/24 17:20,OFF1,9,3387,3443,1.016,0.09,0.038,1573,478,1057,,,,,,,,
2/5/24 17:37,OFF1,10,3227,3112,0.964,0.12,0.076,739,257,310,,,,,,,,
2/5/24 17:54,OFF1,11,2719,2577,0.948,0.08,0.038,1024,243,503,,,,,,,,
2/5/24 18:11,OFF1,12,3170,3011,0.95,0.1,0.038,1265,270,227,,,,,,,,
2/5/24 18:27,OFF1,13,3791,3752,0.99,0.14,0.076,2648,1310,2147,,,,,,,,
2/5/24 18:44,OFF1,14,3548,3558,1.003,0,0.038,1964,739,692,,,,,,,,
2/5/24 19:01,OFF1,15,2376,2338,0.984,0,0.019,552,80,40,,,,,,,,
2/5/24 19:18,OFF1,16,3120,3047,0.977,0,0.038,936,258,298,,,,,,,,
2/5/24 19:35,OFF1,17,2416,2400,0.993,0,0,82,8,22,,,,,,,,
2/5/24 19:52,OFF1,18,2758,2763,1.002,0.07,0.076,1335,290,471,,,,,,,,
2/5/24 20:09,OFF1,19,2342,2320,0.991,0,0,1021,1,18,,,,,,,,
2/5/24 20:26,OFF1,20,2382,2299,0.965,0,0,964,40,22,,,,,,,,
2/5/24 20:42,OFF1,21,2690,2475,0.92,0.14,0,1092,285,102,,,,,,,,
2/5/24 20:59,OFF1,22,2725,2603,0.955,0,0.057,152,23,16,,,,,,,,
2/5/24 21:16,OFF1,23,2584,2501,0.968,0,0,571,149,131,,,,,,,,
2/5/24 21:33,OFF1,24,3195,3175,0.994,0.1,0.095,1022,374,351,,,,,,,,
2/5/24 21:50,OFF1,25,2595,2359,0.909,0,0,488,59,244,,,,,,,,
2/5/24 22:07,OFF1,26,2867,2552,0.89,0.06,0,712,226,569,,,,,,,,
2/5/24 22:24,OFF1,27,3600,3565,0.99,0.13,0.076,2009,959,1489,,,,,,,,
2/5/24 22:41,OFF1,28,2505,2395,0.956,0,0,326,5,6,,,,,,,,
2/5/24 22:57,OFF1,29,2490,2442,0.981,0,0,29,0,185,,,,,,,,
2/5/24 23:14,OFF1,30,3244,3115,0.96,0,0,407,137,504,,,,,,,,
2/5/24 23:31,OFF1,31,2625,2550,0.972,0,0.038,192,50,200,,,,,,,,
2/5/24 23:48,OFF1,32,2855,2815,0.986,0,0.076,77,4,3,,,,,,,,
2/6/24 0:05,OFF1,33,2579,2491,0.966,0,0,82,6,15,,,,,,,,
2/6/24 0:22,OFF1,34,2822,2721,0.964,0,0,135,30,371,,,,,,,,
2/6/24 0:39,OFF1,35,2475,2343,0.947,0,0,293,25,1,,,,,,,,
2/6/24 0:56,OFF1,36,3139,3029,0.965,0,0,615,117,17,,,,,,,,
2/6/24 1:12,OFF1,37,2546,2560,1.006,0,0.133,1093,45,10,,,,,,,,
2/6/24 1:29,OFF1,38,2339,2329,0.996,0,0,1026,25,4,,,,,,,,
2/6/24 1:46,OFF1,39,2554,2524,0.988,0,0,1317,112,40,,,,,,,,
2/6/24 2:03,OFF1,40,3170,3067,0.968,0.08,0,1644,280,142,,,,,,,,
2/6/24 2:20,OFF1,41,2388,2276,0.953,0,0,1273,229,7,,,,,,,,
2/6/24 2:37,OFF1,42,2677,2548,0.952,0,0,1050,21,1,,,,,,,,
2/6/24 3:11,ON1,1,2848,2666,0.936,0,0.095,1030,423,708,,,,,,,,
2/6/24 3:27,ON1,2,2231,2016,0.904,0,0,268,47,700,,,,,,,,
2/6/24 3:44,ON1,3,2274,1911,0.84,0.07,0,396,47,77,,,,,,,,
2/6/24 4:01,ON1,4,2676,2545,0.951,0.05,0,1304,167,92,,,,,,,,
2/6/24 4:18,ON1,5,2371,2213,0.933,0,0,1030,0,186,,,,,,,,
2/6/24 4:35,ON1,6,2305,2108,0.914,0,0,1149,21,461,,,,,,,,
2/6/24 4:52,ON1,7,3044,2945,0.967,0,0.019,1374,291,301,,,,,,,,
2/6/24 5:09,ON1,8,2095,2066,0.986,0,0.038,1317,122,144,,,,,,,,
2/6/24 5:26,ON1,9,2433,2357,0.969,0,0,1048,8,2,,,,,,,,
2/6/24 5:42,ON1,10,2396,2254,0.941,0,0.019,1017,2,5,,,,,,,,
2/6/24 5:59,ON1,11,2460,2322,0.944,0,0,1084,24,245,,,,,,,,
2/6/24 6:16,ON1,12,2613,2388,0.914,0,0,1257,94,333,,,,,,,,
2/6/24 6:33,ON1,13,2876,2759,0.959,0.09,0.057,1245,269,258,,,,,,,,
2/6/24 6:50,ON1,14,2366,2226,0.941,0,0,1066,10,810,,,,,,,,
2/6/24 7:07,ON1,15,2328,2214,0.951,0,0,1042,4,390,,,,,,,,
2/6/24 7:24,ON1,16,2235,2095,0.937,0,0,1060,26,72,,,,,,,,
2/6/24 7:41,ON1,17,2279,2042,0.896,0,0,1111,14,0,,,,,,,,
2/6/24 7:57,ON1,18,2577,2416,0.938,0.11,0,847,182,58,,,,,,,,
2/6/24 8:14,ON1,19,2345,2181,0.93,0,0,233,33,0,,,,,,,,
2/6/24 8:31,ON1,20,2312,2191,0.948,0.03,0,40,1,51,,,,,,,,
2/6/24 8:48,ON1,21,2829,2579,0.911,0,0,389,40,1,,,,,,,,
2/6/24 9:05,ON1,22,2437,2173,0.892,0,0.019,1180,57,0,,,,,,,,
2/6/24 9:22,ON1,23,2540,2460,0.969,0.13,0.038,1126,178,106,,,,,,,,
2/6/24 9:39,ON1,24,2374,2304,0.971,0,0.019,1043,3,252,,,,,,,,
2/6/24 9:56,ON1,25,2387,2277,0.954,0,0,1060,11,231,,,,,,,,
2/6/24 10:12,ON1,26,3021,2826,0.935,0.1,0,1229,135,233,,,,,,,,
2/6/24 10:29,ON1,27,2590,2476,0.956,0,0,1159,57,4,,,,,,,,
2/6/24 10:46,ON1,28,2494,2257,0.905,0,0,1050,16,712,,,,,,,,
2/6/24 11:03,ON1,29,2899,2677,0.923,0.1,0.019,1186,206,81,,,,,,,,
2/6/24 11:20,ON1,30,2341,2178,0.93,0,0.019,1112,92,6,,,,,,,,
2/6/24 11:37,ON1,31,2352,2194,0.933,0,0,1027,90,2,,,,,,,,
2/6/24 11:54,ON1,32,2161,1952,0.903,0,0,375,87,4,,,,,,,,
2/6/24 12:11,ON1,33,2118,1731,0.817,0,0,714,181,601,,,,,,,,
2/6/24 12:27,ON1,34,3044,2909,0.956,0,0.076,934,227,350,,,,,,,,
2/6/24 12:44,ON1,35,2603,2496,0.959,0,0,252,5,4,,,,,,,,
2/6/24 13:01,ON1,36,2215,2054,0.927,0,0,625,20,0,,,,,,,,
2/6/24 13:18,ON1,37,2384,2141,0.898,0,0,135,21,66,,,,,,,,
2/6/24 13:35,ON1,38,2573,2331,0.906,0,0,1567,255,3,,,,,,,,
2/6/24 13:52,ON1,39,2251,2008,0.892,0,0,588,52,168,,,,,,,,
2/6/24 14:09,ON1,40,2462,2201,0.894,0.11,0,899,105,96,,,,,,,,
2/6/24 14:26,ON1,41,2397,2267,0.946,0,0.076,1187,99,234,,,,,,,,
2/6/24 14:42,ON1,42,3422,3164,0.925,0,0,1437,214,352,,,,,,,,
2/6/24 15:16,OFF2,1,3119,2866,0.919,0.15,0,1135,341,172,,,,,,,,
2/6/24 15:33,OFF2,2,3393,3253,0.959,0,0,1534,178,23,,,,,,,,
2/6/24 15:50,OFF2,3,3169,3047,0.961,0,0.019,903,192,139,,,,,,,,
2/6/24 16:07,OFF2,4,3314,3356,1.013,0,0.057,927,155,24,,,,,,,,
2/6/24 16:24,OFF2,5,3557,3572,1.004,0.18,0.095,1105,193,122,,,,,,,,
2/6/24 16:41,OFF2,6,3284,3331,1.014,0.13,0.038,380,109,240,,,,,,,,
2/6/24 16:57,OFF2,7,3030,2995,0.988,0.06,0.038,287,79,183,,,,,,,,
2/6/24 17:14,OFF2,8,3381,3416,1.01,0.04,0,670,97,103,,,,,,,,
2/6/24 17:31,OFF2,9,2808,2765,0.985,0.1,0.076,866,225,109,,,,,,,,
2/6/24 17:48,OFF2,10,2809,2818,1.003,0.12,0.095,891,369,433,,,,,,,,
2/6/24 18:05,OFF2,11,3161,3198,1.012,0.16,0.057,1301,421,735,,,,,,,,
2/6/24 18:22,OFF2,12,2761,2700,0.978,0.18,0,494,99,307,,,,,,,,
2/6/24 18:39,OFF2,13,2730,2757,1.01,0.03,0.076,366,86,724,,,,,,,,
2/6/24 18:56,OFF2,14,2790,2858,1.024,0,0,313,40,233,,,,,,,,
2/6/24 19:12,OFF2,15,3226,3313,1.027,0.18,0.057,531,176,126,,,,,,,,
2/6/24 19:29,OFF2,16,3018,3063,1.015,0,0.019,124,17,87,,,,,,,,
2/6/24 19:46,OFF2,17,3117,3131,1.004,0,0,78,12,225,,,,,,,,
2/6/24 20:03,OFF2,18,2997,2968,0.991,0,0,721,157,104,,,,,,,,
2/6/24 20:20,OFF2,19,2611,2764,1.059,0.24,0.076,1018,416,513,,,,,,,,
2/6/24 20:37,OFF2,20,2809,2927,1.042,0,0,141,31,115,,,,,,,,
2/6/24 20:54,OFF2,21,3125,3287,1.052,0,0.019,1011,198,50,,,,,,,,
2/6/24 21:11,OFF2,22,2718,2541,0.935,0.17,0,1229,259,469,,,,,,,,
2/6/24 21:27,OFF2,23,2551,2518,0.987,0,0.038,655,210,315,,,,,,,,
2/6/24 21:44,OFF2,24,2770,2733,0.987,0,0,349,7,19,,,,,,,,
2/6/24 22:01,OFF2,25,2859,2817,0.985,0.16,0.095,747,274,160,,,,,,,,
2/6/24 22:18,OFF2,26,2557,2635,1.03,0,0,544,176,6,,,,,,,,
2/6/24 22:35,OFF2,27,2996,3041,1.015,0,0,746,287,39,,,,,,,,
2/6/24 22:52,OFF2,28,2793,2851,1.021,0.18,0.038,1195,296,133,,,,,,,,
2/6/24 23:09,OFF2,29,2517,2472,0.982,0,0.076,1559,261,297,,,,,,,,
2/6/24 23:26,OFF2,30,2447,2515,1.028,0,0,1085,19,24,,,,,,,,
2/6/24 23:42,OFF2,31,2846,2693,0.946,0,0,892,73,118,,,,,,,,
2/6/24 23:59,OFF2,32,3273,3274,1,0,0.057,1523,508,507,,,,,,,,
2/7/24 0:16,OFF2,33,2746,2781,1.013,0,0.019,192,20,19,,,,,,,,
2/7/24 0:33,OFF2,34,3110,3085,0.992,0,0.019,218,29,188,,,,,,,,
2/7/24 0:50,OFF2,35,3016,2887,0.957,0.14,0,499,139,124,,,,,,,,
2/7/24 1:07,OFF2,36,2426,2412,0.994,0,0.038,386,131,166,,,,,,,,
2/7/24 1:24,OFF2,37,2124,2128,1.002,0,0,62,0,21,,,,,,,,
2/7/24 1:41,OFF2,38,2719,2628,0.967,0.14,0,295,68,135,,,,,,,,
2/7/24 1:57,OFF2,39,2333,2387,1.023,0.05,0,223,61,83,,,,,,,,
2/7/24 2:14,OFF2,40,3117,3109,0.998,0,0,217,47,30,,,,,,,,
2/7/24 2:31,OFF2,41,2225,2199,0.988,0,0.076,190,20,3,,,,,,,,
2/7/24 2:48,OFF2,42,2652,2412,0.91,0,0,463,122,85,,,,,,,,
2/7/24 3:05,ON2,1,3233,3235,1.001,0.14,0.076,1336,495,732,,,,,,,,
2/7/24 3:22,ON2,2,2058,2000,0.972,0,0,289,10,0,,,,,,,,
2/7/24 3:39,ON2,3,2435,2252,0.925,0,0,103,10,350,,,,,,,,
2/7/24 3:56,ON2,4,3210,2890,0.9,0,0,798,235,613,,,,,,,,
2/7/24 4:12,ON2,5,2641,2415,0.914,0.09,0,625,152,267,,,,,,,,
2/7/24 4:29,ON2,6,2358,2264,0.96,0,0,560,26,0,,,,,,,,
2/7/24 4:46,ON2,7,2376,2104,0.885,0,0,1001,12,4,,,,,,,,
2/7/24 5:03,ON2,8,2582,2163,0.837,0,0,1043,42,7,,,,,,,,
2/7/24 5:20,ON2,9,2780,2713,0.976,0.1,0,1113,195,398,,,,,,,,
2/7/24 5:37,ON2,10,2523,2264,0.897,0,0,84,4,0,,,,,,,,
2/7/24 5:54,ON2,11,2397,2139,0.892,0,0,634,88,1,,,,,,,,
2/7/24 6:11,ON2,12,2975,2669,0.897,0.08,0,1302,194,215,,,,,,,,
2/7/24 6:27,ON2,13,2424,2228,0.919,0,0,1023,15,192,,,,,,,,
2/7/24 6:44,ON2,14,2394,2176,0.909,0,0.019,1046,6,618,,,,,,,,
2/7/24 7:01,ON2,15,2411,2112,0.876,0,0,1156,33,192,,,,,,,,
2/7/24 7:18,ON2,16,2235,1926,0.861,0,0,1006,19,433,,,,,,,,
2/7/24 7:35,ON2,17,2802,2427,0.866,0.17,0,1523,234,227,,,,,,,,
2/7/24 7:52,ON2,18,1942,1991,1.025,0,0.038,692,116,355,,,,,,,,
2/7/24 8:09,ON2,19,2443,2266,0.928,0,0,154,3,875,,,,,,,,
2/7/24 8:26,ON2,20,2448,2227,0.91,0,0,155,11,337,,,,,,,,
2/7/24 8:42,ON2,21,2645,2357,0.891,0,0,160,14,0,,,,,,,,
2/7/24 8:59,ON2,22,2254,1954,0.867,0,0.019,545,19,0,,,,,,,,
2/7/24 9:16,ON2,23,2378,2045,0.86,0.03,0,259,62,66,,,,,,,,
2/7/24 9:33,ON2,24,2727,2190,0.803,0,0,272,30,485,,,,,,,,
2/7/24 9:50,ON2,25,2761,2618,0.948,0.1,0,1628,372,54,,,,,,,,
2/7/24 10:07,ON2,26,2288,2114,0.924,0,0,1178,49,2,,,,,,,,
2/7/24 10:24,ON2,27,2273,2099,0.924,0,0,1090,12,216,,,,,,,,
2/7/24 10:41,ON2,28,2654,2229,0.84,0,0.038,1273,94,117,,,,,,,,
2/7/24 10:57,ON2,29,3305,3048,0.922,0,0.095,1374,487,547,,,,,,,,
2/7/24 11:14,ON2,30,2167,2146,0.99,0,0,467,90,58,,,,,,,,
2/7/24 11:31,ON2,31,2228,2196,0.985,0,0,100,5,163,,,,,,,,
2/7/24 11:48,ON2,32,2263,2103,0.929,0,0,218,5,5,,,,,,,,
2/7/24 12:05,ON2,33,2463,2281,0.926,0,0,376,109,5,,,,,,,,
2/7/24 12:22,ON2,34,2814,2664,0.947,0,0,655,170,21,,,,,,,,
2/7/24 12:39,ON2,35,2238,2277,1.018,0.31,0,1001,147,255,,,,,,,,
2/7/24 12:56,ON2,36,2846,2934,1.031,0,0.114,759,38,490,,,,,,,,
2/7/24 13:12,ON2,37,2425,2380,0.981,0,0,800,66,105,,,,,,,,
2/7/24 13:29,ON2,38,2199,2257,1.026,0,0,711,12,356,,,,,,,,
2/7/24 13:46,ON2,39,3173,3085,0.972,0,0,1545,314,23,,,,,,,,
2/7/24 14:03,ON2,40,2562,2510,0.98,0.09,0,897,320,521,,,,,,,,
2/7/24 14:20,ON2,41,2350,2388,1.016,0,0.019,305,25,9,,,,,,,,
2/7/24 14:37,ON2,42,2660,2650,0.996,0,0.019,312,82,51,,,,,,,,
2/7/24 15:11,OFF3,1,3967,3495,0.881,0.12,0,1405,431,393,,,,,,,,
2/7/24 15:27,OFF3,2,3589,3411,0.951,0,0,1194,382,518,,,,,,,,
2/7/24 15:44,OFF3,3,2933,2973,1.014,0.15,0,787,114,147,,,,,,,,
2/7/24 16:01,OFF3,4,3274,3344,1.021,0.19,0.038,911,128,6,,,,,,,,
2/7/24 16:18,OFF3,5,3439,3538,1.029,0.11,0.095,1236,120,3,,,,,,,,
2/7/24 16:35,OFF3,6,2891,2955,1.022,0.17,0.076,922,238,414,,,,,,,,
2/7/24 16:52,OFF3,7,2708,2832,1.046,0.15,0.019,454,87,3,,,,,,,,
2/7/24 17:09,OFF3,8,3074,3290,1.07,0,0.057,1189,111,21,,,,,,,,
2/7/24 17:26,OFF3,9,3564,3702,1.039,0,0.152,1410,638,995,,,,,,,,
2/7/24 17:42,OFF3,10,2719,2788,1.025,0,0,194,27,370,,,,,,,,
2/7/24 17:59,OFF3,11,3283,3375,1.028,0,0.038,1161,228,24,,,,,,,,
2/7/24 18:16,OFF3,12,2700,2813,1.042,0,0.095,1192,77,293,,,,,,,,
2/7/24 18:33,OFF3,13,2492,2528,1.014,0.17,0,1147,161,186,,,,,,,,
2/7/24 18:50,OFF3,14,3098,3239,1.046,0.1,0.114,903,289,432,,,,,,,,
2/7/24 19:07,OFF3,15,2375,2519,1.061,0,0,38,0,0,,,,,,,,
2/7/24 19:24,OFF3,16,2978,3034,1.019,0.07,0,349,75,164,,,,,,,,
2/7/24 19:41,OFF3,17,2611,2716,1.04,0.14,0,1376,137,129,,,,,,,,
2/7/24 19:57,OFF3,18,3321,3428,1.032,0,0.057,920,61,22,,,,,,,,
2/7/24 20:14,OFF3,19,2644,2764,1.045,0,0,1451,126,309,,,,,,,,
2/7/24 20:31,OFF3,20,3907,4024,1.03,0.18,0.095,1426,553,1313,,,,,,,,
2/7/24 20:48,OFF3,21,2911,3096,1.064,0,0,1572,235,203,,,,,,,,
2/7/24 21:05,OFF3,22,2493,2573,1.032,0.1,0,1037,106,24,,,,,,,,
2/7/24 21:22,OFF3,23,2360,2517,1.067,0,0.019,1263,72,60,,,,,,,,
2/7/24 21:39,OFF3,24,2477,2594,1.047,0,0,1038,3,163,,,,,,,,
2/7/24 21:56,OFF3,25,3547,3631,1.024,0,0.076,1402,507,770,,,,,,,,
2/7/24 22:12,OFF3,26,2517,2617,1.04,0,0,307,29,225,,,,,,,,
2/7/24 22:29,OFF3,27,2536,2551,1.006,0,0,50,1,87,,,,,,,,
2/7/24 22:46,OFF3,28,2801,2882,1.029,0,0,221,64,227,,,,,,,,
2/7/24 23:03,OFF3,29,3073,3135,1.02,0,0,274,34,8,,,,,,,,
2/7/24 23:20,OFF3,30,3115,3191,1.024,0.16,0.019,958,226,114,,,,,,,,
2/7/24 23:37,OFF3,31,2441,2525,1.035,0,0,1100,46,567,,,,,,,,
2/7/24 23:54,OFF3,32,3163,3229,1.021,0.18,0,1072,63,540,,,,,,,,
2/8/24 0:11,OFF3,33,2637,2690,1.02,0.04,0.038,689,100,85,,,,,,,,
2/8/24 0:27,OFF3,34,2328,2409,1.035,0,0,111,4,2,,,,,,,,
2/8/24 0:44,OFF3,35,3012,3073,1.02,0,0,641,19,3,,,,,,,,
2/8/24 1:01,OFF3,36,2809,2728,0.971,0,0,130,16,53,,,,,,,,
2/8/24 1:18,OFF3,37,3108,3119,1.004,0,0.076,738,176,341,,,,,,,,
2/8/24 1:35,OFF3,38,2280,2341,1.027,0,0,1073,15,135,,,,,,,,
2/8/24 1:52,OFF3,39,2639,2689,1.019,0,0,1094,37,207,,,,,,,,
2/8/24 2:09,OFF3,40,2578,2631,1.02,0,0,1364,146,62,,,,,,,,
2/8/24 2:26,OFF3,41,2593,2438,0.94,0,0,1130,47,456,,,,,,,,
2/8/24 2:42,OFF3,42,3038,2935,0.966,0.11,0,1308,118,54,,,,,,,,
2/8/24 3:16,ON3,1,2524,2413,0.956,0,0,1155,42,586,,,,,,,,
2/8/24 3:33,ON3,2,2940,2845,0.968,0.04,0,1383,156,200,,,,,,,,
2/8/24 3:50,ON3,3,2865,2852,0.995,0,0,1341,123,138,,,,,,,,
2/8/24 4:07,ON3,4,2597,2306,0.888,0,0,860,6,11,,,,,,,,
2/8/24 4:24,ON3,5,2563,2478,0.967,0.17,0.038,810,183,161,,,,,,,,
2/8/24 4:41,ON3,6,2298,2256,0.982,0,0,57,1,292,,,,,,,,
2/8/24 4:57,ON3,7,2279,2194,0.963,0,0,162,3,315,,,,,,,,
2/8/24 5:14,ON3,8,2252,2085,0.926,0,0,911,334,182,,,,,,,,
2/8/24 5:31,ON3,9,2907,2747,0.945,0,0,564,74,180,,,,,,,,
2/8/24 5:48,ON3,10,3040,2561,0.843,0.04,0,1249,106,1,,,,,,,,
2/8/24 6:05,ON3,11,2869,2754,0.96,0.15,0.133,1459,412,516,,,,,,,,
2/8/24 6:22,ON3,12,2409,2445,1.015,0,0,1232,61,0,,,,,,,,
2/8/24 6:39,ON3,13,2234,2134,0.955,0,0.019,1066,8,18,,,,,,,,
2/8/24 6:56,ON3,14,2242,2034,0.907,0,0,1114,45,99,,,,,,,,
2/8/24 7:12,ON3,15,2157,1894,0.878,0,0,1116,210,109,,,,,,,,
2/8/24 7:29,ON3,16,2372,2338,0.986,0,0,1445,146,13,,,,,,,,
2/8/24 7:46,ON3,17,2065,2142,1.037,0.03,0.076,1085,30,27,,,,,,,,
2/8/24 8:03,ON3,18,2462,2534,1.029,0,0,1171,46,215,,,,,,,,
2/8/24 8:20,ON3,19,2636,2572,0.976,0.09,0.019,1118,87,28,,,,,,,,
2/8/24 8:37,ON3,20,2327,2458,1.056,0,0.019,1087,21,1,,,,,,,,
2/8/24 8:54,ON3,21,2134,2289,1.073,0.03,0,1065,4,0,,,,,,,,
2/8/24 9:11,ON3,22,2748,2646,0.963,0,0,1113,45,121,,,,,,,,
2/8/24 9:27,ON3,23,2989,3024,1.012,0.15,0.038,1194,219,148,,,,,,,,
2/8/24 9:44,ON3,24,2240,2327,1.039,0,0,828,5,1,,,,,,,,
2/8/24 10:01,ON3,25,2386,2332,0.977,0,0,721,26,10,,,,,,,,
2/8/24 10:18,ON3,26,2390,2260,0.945,0,0,958,5,97,,,,,,,,
2/8/24 10:35,ON3,27,2245,2107,0.938,0,0,656,12,50,,,,,,,,
2/8/24 10:52,ON3,28,2940,2980,1.013,0,0.019,1234,344,276,,,,,,,,
2/8/24 11:09,ON3,29,2450,2555,1.043,0,0,529,102,269,,,,,,,,
2/8/24 11:26,ON3,30,2332,2371,1.017,0,0.057,105,5,554,,,,,,,,
2/8/24 11:42,ON3,31,2581,2516,0.975,0,0,311,12,205,,,,,,,,
2/8/24 11:59,ON3,32,2616,2434,0.93,0,0,719,109,10,,,,,,,,
2/8/24 12:16,ON3,33,3093,2907,0.94,0,0.038,1112,283,460,,,,,,,,
2/8/24 12:33,ON3,34,2841,2508,0.882,0.11,0,1152,142,18,,,,,,,,
2/8/24 12:50,ON3,35,2491,2315,0.93,0,0,1207,62,19,,,,,,,,
2/8/24 13:07,ON3,36,2448,2321,0.948,0.03,0.019,1079,11,25,,,,,,,,
2/8/24 13:24,ON3,37,2527,2192,0.867,0,0,1227,75,516,,,,,,,,
2/8/24 13:41,ON3,38,2455,2367,0.964,0.13,0.019,1069,21,5,,,,,,,,
2/8/24 13:57,ON3,39,2417,2346,0.971,0,0,754,46,24,,,,,,,,
2/8/24 14:14,ON3,40,3115,2981,0.957,0,0,1507,150,188,,,,,,,,
2/8/24 14:31,ON3,41,2960,2702,0.913,0.07,0,1497,241,2,,,,,,,,
2/8/24 14:48,ON3,42,2917,2484,0.852,0,0,836,214,775,,,,,,,,
2/8/24 15:05,OFF4,1,3009,2703,0.899,0,0,682,102,1094,,,,,,,,
2/8/24 15:22,OFF4,2,2847,2443,0.858,0.18,0,838,222,500,,,,,,,,
2/8/24 15:39,OFF4,3,2889,2885,0.998,0.1,0,1573,227,0,,,,,,,,
2/8/24 15:56,OFF4,4,3609,3652,1.012,0,0.038,1338,197,287,,,,,,,,
2/8/24 16:12,OFF4,5,3053,3081,1.009,0.05,0.057,750,151,319,,,,,,,,
2/8/24 16:29,OFF4,6,2922,3106,1.063,0,0.057,826,121,22,,,,,,,,
2/8/24 16:46,OFF4,7,3044,3148,1.034,0.09,0.038,1604,250,96,,,,,,,,
2/8/24 17:03,OFF4,8,2770,2760,0.997,0,0.057,1379,235,225,,,,,,,,
2/8/24 17:20,OFF4,9,2863,2884,1.007,0,0.057,508,175,438,,,,,,,,
2/8/24 17:37,OFF4,10,2700,2898,1.073,0,0.057,1054,57,41,,,,,,,,
2/8/24 17:54,OFF4,11,3454,3692,1.069,0,0.019,1578,231,93,,,,,,,,
2/8/24 18:11,OFF4,12,2796,2870,1.026,0,0,1024,66,209,,,,,,,,
2/8/24 18:27,OFF4,13,4016,4101,1.021,0,0.114,1675,760,1481,,,,,,,,
2/8/24 18:44,OFF4,14,3036,3144,1.036,0.05,0.076,918,356,1086,,,,,,,,
2/8/24 19:01,OFF4,15,3216,3171,0.986,0,0.057,972,420,493,,,,,,,,
2/8/24 19:18,OFF4,16,2666,2819,1.058,0,0,123,15,13,,,,,,,,
2/8/24 19:35,OFF4,17,2811,2963,1.054,0,0,90,10,123,,,,,,,,
2/8/24 19:52,OFF4,18,2477,2601,1.05,0,0,299,14,18,,,,,,,,
2/8/24 20:09,OFF4,19,2517,2548,1.012,0.18,0,792,80,51,,,,,,,,
2/8/24 20:26,OFF4,20,2870,3020,1.052,0,0.057,650,14,53,,,,,,,,
2/8/24 20:42,OFF4,21,2972,3066,1.032,0,0,1100,84,23,,,,,,,,
2/8/24 20:59,OFF4,22,2381,2242,0.941,0,0,1360,350,667,,,,,,,,
2/8/24 21:16,OFF4,23,2975,3055,1.027,0,0.152,954,361,637,,,,,,,,
2/8/24 21:33,OFF4,24,2759,2769,1.004,0,0,140,6,612,,,,,,,,
2/8/24 21:50,OFF4,25,3164,3211,1.015,0,0,363,40,225,,,,,,,,
2/8/24 22:07,OFF4,26,2484,2498,1.006,0.06,0.019,925,261,390,,,,,,,,
2/8/24 22:24,OFF4,27,2681,2477,0.924,0,0,97,8,200,,,,,,,,
2/8/24 22:41,OFF4,28,3355,3174,0.946,0,0,546,77,77,,,,,,,,
2/8/24 22:57,OFF4,29,3105,2963,0.954,0.14,0.133,666,250,596,,,,,,,,
2/8/24 23:14,OFF4,30,2972,2739,0.921,0,0,276,0,7,,,,,,,,
2/8/24 23:31,OFF4,31,2970,2582,0.87,0.13,0,453,98,24,,,,,,,,
2/8/24 23:48,OFF4,32,3052,3076,1.008,0,0.133,1370,387,480,,,,,,,,
2/9/24 0:05,OFF4,33,3011,3042,1.01,0,0,947,33,349,,,,,,,,
2/9/24 0:22,OFF4,34,2847,2907,1.021,0,0,1016,61,288,,,,,,,,
2/9/24 0:39,OFF4,35,2567,2422,0.944,0,0,911,30,41,,,,,,,,
2/9/24 0:56,OFF4,36,2655,2499,0.941,0,0,1151,80,6,,,,,,,,
2/9/24 1:12,OFF4,37,3083,2819,0.914,0.12,0,1308,308,264,,,,,,,,
2/9/24 1:29,OFF4,38,3173,3116,0.982,0,0.019,454,64,36,,,,,,,,
2/9/24 1:46,OFF4,39,2430,2210,0.909,0,0,120,6,571,,,,,,,,
2/9/24 2:03,OFF4,40,2611,2394,0.917,0.06,0,560,210,448,,,,,,,,
2/9/24 2:20,OFF4,41,2516,2386,0.948,0,0,127,5,120,,,,,,,,
2/9/24 2:37,OFF4,42,3154,2914,0.924,0,0.038,704,110,39,,,,,,,,
2/9/24 3:11,ON4,1,2781,2314,0.832,0,0,123,22,266,,,,,,,,
2/9/24 3:27,ON4,2,2617,2079,0.794,0,0,113,14,553,,,,,,,,
2/9/24 3:44,ON4,3,2546,1991,0.782,0,0,122,10,195,,,,,,,,
2/9/24 4:01,ON4,4,2182,1747,0.801,0,0,1244,140,9,,,,,,,,
2/9/24 4:18,ON4,5,3241,2659,0.82,0.13,0,1033,88,115,,,,,,,,
2/9/24 4:35,ON4,6,2270,2128,0.937,0,0,1023,82,141,,,,,,,,
2/9/24 4:52,ON4,7,2277,2005,0.881,0,0.057,944,10,4,,,,,,,,
2/9/24 5:09,ON4,8,2130,1772,0.832,0,0,985,3,3,,,,,,,,
2/9/24 5:26,ON4,9,2132,1822,0.854,0,0,1028,43,10,,,,,,,,
2/9/24 5:42,ON4,10,2459,1942,0.79,0,0,969,15,177,,,,,,,,
2/9/24 5:59,ON4,11,2588,2441,0.943,0.15,0.038,1234,164,177,,,,,,,,
2/9/24 6:16,ON4,12,2415,2304,0.954,0,0,882,101,11,,,,,,,,
2/9/24 6:33,ON4,13,2488,2214,0.89,0,0,1096,13,16,,,,,,,,
2/9/24 6:50,ON4,14,2385,2112,0.886,0,0.019,1232,50,322,,,,,,,,
2/9/24 7:07,ON4,15,2886,2629,0.911,0,0,1391,153,371,,,,,,,,
2/9/24 7:24,ON4,16,2769,2531,0.914,0.14,0,1136,251,289,,,,,,,,
2/9/24 7:41,ON4,17,2620,2443,0.932,0,0,182,0,10,,,,,,,,
2/9/24 7:57,ON4,18,2359,2212,0.938,0,0,56,0,6,,,,,,,,
2/9/24 8:14,ON4,19,2203,1993,0.905,0,0.038,857,155,7,,,,,,,,
2/9/24 8:31,ON4,20,2422,2052,0.847,0.03,0,628,86,214,,,,,,,,
2/9/24 8:48,ON4,21,2909,2775,0.954,0.13,0,1299,207,222,,,,,,,,
2/9/24 9:05,ON4,22,2607,2377,0.912,0,0,1036,6,106,,,,,,,,
2/9/24 9:22,ON4,23,2310,2123,0.919,0,0,1050,2,9,,,,,,,,
2/9/24 9:39,ON4,24,2461,2388,0.971,0.03,0.057,936,79,11,,,,,,,,
2/9/24 9:56,ON4,25,2469,1971,0.798,0,0,1013,20,289,,,,,,,,
2/9/24 10:12,ON4,26,2810,2470,0.879,0.11,0,1072,131,13,,,,,,,,
2/9/24 10:29,ON4,27,2429,2260,0.93,0,0,1248,62,2,,,,,,,,
2/9/24 10:46,ON4,28,3221,2892,0.898,0,0,1153,97,183,,,,,,,,
2/9/24 11:03,ON4,29,2315,2019,0.872,0,0.038,284,11,286,,,,,,,,
2/9/24 11:20,ON4,30,2196,1962,0.893,0,0,159,46,623,,,,,,,,
2/9/24 11:37,ON4,31,2294,1971,0.859,0,0,741,52,145,,,,,,,,
2/9/24 11:54,ON4,32,2155,2008,0.931,0,0.019,900,81,16,,,,,,,,
2/9/24 12:11,ON4,33,2417,2425,1.003,0,0,1055,10,375,,,,,,,,
2/9/24 12:27,ON4,34,2499,2374,0.95,0,0.038,1057,28,423,,,,,,,,
2/9/24 12:44,ON4,35,2963,2867,0.968,0,0,1840,283,254,,,,,,,,
2/9/24 13:01,ON4,36,2492,2193,0.88,0,0,1040,5,165,,,,,,,,
2/9/24 13:18,ON4,37,2474,2094,0.847,0,0,1048,13,465,,,,,,,,
2/9/24 13:35,ON4,38,2987,2644,0.885,0.04,0.019,956,119,155,,,,,,,,
2/9/24 13:52,ON4,39,2633,2285,0.868,0,0,234,8,0,,,,,,,,
2/9/24 14:09,ON4,40,2769,2345,0.847,0.14,0,507,97,19,,,,,,,,
2/9/24 14:26,ON4,41,3807,3624,0.952,0.01,0,1101,222,507,,,,,,,,
2/9/24 14:42,ON4,42,2229,2109,0.946,0,0,662,151,40,,,,,,,,
2/9/24 15:16,OFF5,1,3443,3266,0.949,0.13,0,849,146,89,,,,,,,,
2/9/24 15:33,OFF5,2,3006,3028,1.007,0.13,0,988,117,9,,,,,,,,
2/9/24 15:50,OFF5,3,3636,3670,1.009,0.1,0,1253,330,294,,,,,,,,
2/9/24 16:07,OFF5,4,2737,2973,1.086,0.17,0.114,812,76,34,,,,,,,,
2/9/24 16:24,OFF5,5,3681,3782,1.027,0,0.019,1731,244,5,,,,,,,,
2/9/24 16:41,OFF5,6,2960,3036,1.026,0,0.038,1083,73,4,,,,,,,,
2/9/24 16:57,OFF5,7,2752,2727,0.991,0.15,0.038,1509,258,39,,,,,,,,
2/9/24 17:14,OFF5,8,3175,3186,1.004,0,0.038,1178,61,122,,,,,,,,
2/9/24 17:31,OFF5,9,3986,4212,1.057,0.07,0.114,2039,794,1235,,,,,,,,
2/9/24 17:48,OFF5,10,2935,3009,1.025,0.15,0,1369,174,212,,,,,,,,
2/9/24 18:05,OFF5,11,2751,2641,0.96,0,0,1206,231,279,,,,,,,,
2/9/24 18:22,OFF5,12,3582,3714,1.037,0,0.133,1305,533,1117,,,,,,,,
2/9/24 18:39,OFF5,13,2323,2426,1.044,0,0,162,27,385,,,,,,,,
2/9/24 18:56,OFF5,14,3131,3097,0.989,0,0,636,15,36,,,,,,,,
2/9/24 19:12,OFF5,15,3010,2895,0.962,0,0,310,52,13,,,,,,,,
2/9/24 19:29,OFF5,16,2600,2580,0.992,0,0,662,93,27,,,,,,,,
2/9/24 19:46,OFF5,17,3226,3270,1.014,0,0.038,718,20,89,,,,,,,,
2/9/24 20:03,OFF5,18,3568,3682,1.032,0,0.038,1876,444,498,,,,,,,,
2/9/24 20:20,OFF5,19,3288,3190,0.97,0,0.076,1504,570,1024,,,,,,,,
2/9/24 20:37,OFF5,20,2154,2139,0.993,0,0,778,61,6,,,,,,,,
2/9/24 20:54,OFF5,21,2931,2982,1.017,0,0.057,1280,88,88,,,,,,,,
2/9/24 21:11,OFF5,22,2921,3014,1.032,0,0,1219,79,305,,,,,,,,
2/9/24 21:27,OFF5,23,2849,2587,0.908,0,0,1031,24,32,,,,,,,,
2/9/24 21:44,OFF5,24,2689,2644,0.983,0.13,0,1214,178,147,,,,,,,,
2/9/24 22:01,OFF5,25,2609,2552,0.978,0,0.057,1229,95,120,,,,,,,,
2/9/24 22:18,OFF5,26,2634,2439,0.926,0,0,1079,22,77,,,,,,,,
2/9/24 22:35,OFF5,27,3419,2976,0.87,0,0,1189,63,182,,,,,,,,
2/9/24 22:52,OFF5,28,2944,2792,0.949,0.06,0.076,697,216,251,,,,,,,,
2/9/24 23:09,OFF5,29,3023,2569,0.85,0,0,344,37,44,,,,,,,,
2/9/24 23:26,OFF5,30,2605,2375,0.911,0.17,0.019,904,275,320,,,,,,,,
2/9/24 23:42,OFF5,31,3302,3119,0.945,0,0.038,203,16,161,,,,,,,,
2/9/24 23:59,OFF5,32,3056,2715,0.888,0,0,163,19,461,,,,,,,,
2/10/24 0:16,OFF5,33,3722,3455,0.928,0.05,0.133,1799,778,1213,,,,,,,,
2/10/24 0:33,OFF5,34,2457,2167,0.882,0,0,1558,208,22,,,,,,,,
2/10/24 0:50,OFF5,35,2932,2426,0.828,0,0,1044,0,32,,,,,,,,
2/10/24 1:07,OFF5,36,2876,2479,0.862,0.1,0,1084,161,116,,,,,,,,
2/10/24 1:24,OFF5,37,3279,2923,0.891,0,0,107,14,132,,,,,,,,
2/10/24 1:41,OFF5,38,2978,2532,0.85,0,0,125,16,216,,,,,,,,
2/10/24 1:57,OFF5,39,3472,3063,0.882,0,0,1110,340,266,,,,,,,,
2/10/24 2:14,OFF5,40,2278,1953,0.857,0.07,0.095,741,242,366,,,,,,,,
2/10/24 2:31,OFF5,41,2480,2095,0.845,0,0,209,9,151,,,,,,,,
2/10/24 2:48,OFF5,42,3340,2939,0.88,0.09,0,832,180,317,,,,,,,,
2/10/24 3:05,ON5,1,2465,2314,0.939,0,0.019,527,111,107,,,,,,,,
2/10/24 3:22,ON5,2,2168,1924,0.887,0,0,92,4,308,,,,,,,,
2/10/24 3:39,ON5,3,2905,2389,0.822,0.14,0,444,121,425,,,,,,,,
2/10/24 3:56,ON5,4,2469,2334,0.945,0.03,0,95,7,141,,,,,,,,
2/10/24 4:12,ON5,5,2617,2244,0.858,0,0,119,11,416,,,,,,,,
2/10/24 4:29,ON5,6,2339,2021,0.864,0,0.038,275,16,68,,,,,,,,
2/10/24 4:46,ON5,7,2189,2070,0.945,0.13,0,488,124,109,,,,,,,,
2/10/24 5:03,ON5,8,2395,2331,0.973,0,0,205,0,13,,,,,,,,
2/10/24 5:20,ON5,9,2316,2157,0.931,0,0.038,254,7,214,,,,,,,,
2/10/24 5:37,ON5,10,2234,2054,0.919,0,0,277,8,181,,,,,,,,
2/10/24 5:54,ON5,11,2978,2715,0.912,0.12,0,817,125,205,,,,,,,,
2/10/24 6:11,ON5,12,2080,1995,0.959,0,0,1302,113,8,,,,,,,,
2/10/24 6:27,ON5,13,2648,2209,0.834,0,0,981,0,22,,,,,,,,
2/10/24 6:44,ON5,14,2601,2181,0.839,0.03,0,1054,13,26,,,,,,,,
2/10/24 7:01,ON5,15,2605,2402,0.922,0.14,0,1029,123,135,,,,,,,,
2/10/24 7:18,ON5,16,2461,2328,0.946,0,0.095,789,66,66,,,,,,,,
2/10/24 7:35,ON5,17,2219,2124,0.957,0,0,610,3,189,,,,,,,,
2/10/24 7:52,ON5,18,2174,2002,0.921,0.03,0,482,2,65,,,,,,,,
2/10/24 8:09,ON5,19,2207,1983,0.899,0,0,662,4,533,,,,,,,,
2/10/24 8:26,ON5,20,2869,2577,0.898,0,0,1002,72,174,,,,,,,,
2/10/24 8:42,ON5,21,2477,1958,0.791,0,0,1111,24,26,,,,,,,,
2/10/24 8:59,ON5,22,2272,1918,0.844,0.03,0,1003,19,135,,,,,,,,
2/10/24 9:16,ON5,23,2056,1811,0.881,0,0,1344,64,208,,,,,,,,
2/10/24 9:33,ON5,24,3174,2703,0.852,0.09,0,1402,267,252,,,,,,,,
2/10/24 9:50,ON5,25,2164,2125,0.982,0,0.057,793,166,152,,,,,,,,
2/10/24 10:07,ON5,26,2027,1783,0.88,0,0,608,25,17,,,,,,,,
2/10/24 10:24,ON5,27,2227,1974,0.887,0,0,272,21,21,,,,,,,,
2/10/24 10:41,ON5,28,2271,2108,0.928,0.14,0,771,91,68,,,,,,,,
2/10/24 10:57,ON5,29,2325,2158,0.928,0,0,994,6,597,,,,,,,,
2/10/24 11:14,ON5,30,2377,2251,0.947,0,0,1053,8,438,,,,,,,,
2/10/24 11:31,ON5,31,2923,2938,1.005,0,0.095,1299,234,147,,,,,,,,
2/10/24 11:48,ON5,32,2193,2195,1.001,0,0,1202,88,8,,,,,,,,
2/10/24 12:05,ON5,33,2367,2289,0.967,0,0,941,27,10,,,,,,,,
2/10/24 12:22,ON5,34,2352,2270,0.965,0,0,1092,4,19,,,,,,,,
2/10/24 12:39,ON5,35,2356,2232,0.947,0,0.019,1062,10,225,,,,,,,,
2/10/24 12:56,ON5,36,2965,2995,1.01,0,0.019,1737,289,26,,,,,,,,
2/10/24 13:12,ON5,37,2752,2485,0.903,0,0.019,1238,84,23,,,,,,,,
2/10/24 13:29,ON5,38,2659,2524,0.949,0,0,661,71,25,,,,,,,,
2/10/24 13:46,ON5,39,2687,2461,0.916,0,0,1093,20,548,,,,,,,,
2/10/24 14:03,ON5,40,2782,2469,0.888,0,0.019,1186,45,691,,,,,,,,
2/10/24 14:20,ON5,41,2584,2331,0.902,0,0,1153,111,25,,,,,,,,
2/10/24 14:37,ON5,42,3017,2628,0.871,0.08,0,1206,147,398,,,,,,,,
2/10/24 15:11,OFF6,1,3424,3155,0.921,0,0.038,1493,241,14,,,,,,,,
2/10/24 15:27,OFF6,2,3427,3217,0.939,0.15,0.019,965,235,64,,,,,,,,
2/10/24 15:44,OFF6,3,3991,3921,0.982,0.16,0,1359,454,597,,,,,,,,
2/10/24 16:01,OFF6,4,2947,2886,0.979,0,0,914,308,318,,,,,,,,
2/10/24 16:18,OFF6,5,3104,3009,0.969,0.1,0,1284,133,61,,,,,,,,
2/10/24 16:35,OFF6,6,2998,3097,1.033,0.09,0,1121,254,173,,,,,,,,
2/10/24 16:52,OFF6,7,2875,2891,1.006,0,0.019,731,190,44,,,,,,,,
2/10/24 17:09,OFF6,8,2977,3015,1.013,0,0.057,1252,121,61,,,,,,,,
2/10/24 17:26,OFF6,9,3884,3969,1.022,0.02,0.114,1902,786,1482,,,,,,,,
2/10/24 17:42,OFF6,10,2618,2436,0.93,0.16,0.019,569,151,145,,,,,,,,
2/10/24 17:59,OFF6,11,3333,3332,1,0.1,0.095,1531,580,1066,,,,,,,,
2/10/24 18:16,OFF6,12,3009,3058,1.016,0,0,358,43,148,,,,,,,,
2/10/24 18:33,OFF6,13,2702,2608,0.965,0,0.019,530,61,103,,,,,,,,
2/10/24 18:50,OFF6,14,3385,3180,0.939,0.1,0,587,204,401,,,,,,,,
2/10/24 19:07,OFF6,15,2732,2689,0.985,0,0.057,202,37,397,,,,,,,,
2/10/24 19:24,OFF6,16,2627,2474,0.942,0,0,190,13,413,,,,,,,,
2/10/24 19:41,OFF6,17,2779,2475,0.891,0,0,536,42,133,,,,,,,,
2/10/24 19:57,OFF6,18,3477,3223,0.927,0.17,0.076,1179,400,407,,,,,,,,
2/10/24 20:14,OFF6,19,2879,2714,0.943,0,0,160,27,159,,,,,,,,
2/10/24 20:31,OFF6,20,3059,2664,0.871,0,0,272,60,326,,,,,,,,
2/10/24 20:48,OFF6,21,3387,3291,0.972,0.16,0.114,1122,394,402,,,,,,,,
2/10/24 21:05,OFF6,22,2310,2248,0.973,0,0,329,43,84,,,,,,,,
2/10/24 21:22,OFF6,23,2649,2368,0.894,0,0,139,20,251,,,,,,,,
2/10/24 21:39,OFF6,24,3575,3110,0.87,0,0.019,696,255,439,,,,,,,,
2/10/24 21:56,OFF6,25,2989,2765,0.925,0.13,0.038,1333,379,583,,,,,,,,
2/10/24 22:12,OFF6,26,2938,2667,0.908,0,0,460,14,304,,,,,,,,
2/10/24 22:29,OFF6,27,2687,2462,0.916,0,0,537,77,139,,,,,,,,
2/10/24 22:46,OFF6,28,3892,3546,0.911,0.04,0.057,1246,463,1000,,,,,,,,
2/10/24 23:03,OFF6,29,2915,2786,0.956,0.16,0,1601,260,52,,,,,,,,
2/10/24 23:20,OFF6,30,2698,2492,0.924,0,0,1120,21,537,,,,,,,,
2/10/24 23:37,OFF6,31,2638,2366,0.897,0,0,1084,14,137,,,,,,,,
2/10/24 23:54,OFF6,32,3183,2759,0.867,0,0,1160,53,204,,,,,,,,
2/11/24 0:11,OFF6,33,2747,2436,0.887,0,0,1144,175,107,,,,,,,,
2/11/24 0:27,OFF6,34,2896,2289,0.79,0,0.019,93,8,77,,,,,,,,
2/11/24 0:44,OFF6,35,2794,2230,0.798,0,0,149,48,349,,,,,,,,
2/11/24 1:01,OFF6,36,3332,2825,0.848,0,0,482,144,193,,,,,,,,
2/11/24 1:18,OFF6,37,2975,2318,0.779,0,0,503,40,345,,,,,,,,
2/11/24 1:35,OFF6,38,2585,2046,0.792,0,0,203,34,197,,,,,,,,
2/11/24 1:52,OFF6,39,4016,3278,0.816,0.06,0.057,1579,614,1003,,,,,,,,
2/11/24 2:09,OFF6,40,3062,2519,0.823,0,0.076,1880,614,1064,,,,,,,,
2/11/24 2:26,OFF6,41,3282,2962,0.902,0,0.076,1413,552,787,,,,,,,,
2/11/24 2:42,OFF6,42,2637,2354,0.893,0,0,258,41,382,,,,,,,,
2/11/24 3:16,ON6,1,2342,2048,0.875,0.13,0,625,82,267,,,,,,,,
2/11/24 3:33,ON6,2,2482,2230,0.898,0,0,1007,25,156,,,,,,,,
2/11/24 3:50,ON6,3,2590,2341,0.904,0,0,1132,107,714,,,,,,,,
2/11/24 4:07,ON6,4,3070,2854,0.93,0.04,0,1207,132,333,,,,,,,,
2/11/24 4:24,ON6,5,2274,2154,0.947,0,0.057,1110,26,133,,,,,,,,
2/11/24 4:41,ON6,6,2596,2242,0.864,0,0,1060,7,117,,,,,,,,
2/11/24 4:57,ON6,7,2327,1901,0.817,0,0,778,31,124,,,,,,,,
2/11/24 5:14,ON6,8,2324,1912,0.823,0.03,0,1355,99,269,,,,,,,,
2/11/24 5:31,ON6,9,2895,2485,0.858,0.17,0,1379,233,445,,,,,,,,
2/11/24 5:48,ON6,10,2515,2519,1.002,0,0.057,1330,183,306,,,,,,,,
2/11/24 6:05,ON6,11,2508,2382,0.95,0,0.057,770,57,119,,,,,,,,
2/11/24 6:22,ON6,12,2144,1960,0.914,0,0.019,1072,9,373,,,,,,,,
2/11/24 6:39,ON6,13,2420,2104,0.87,0,0,1076,12,264,,,,,,,,
2/11/24 6:56,ON6,14,2134,1896,0.888,0.03,0,1106,17,389,,,,,,,,
2/11/24 7:12,ON6,15,3262,2804,0.86,0.06,0,1350,169,403,,,,,,,,
2/11/24 7:29,ON6,16,2111,1951,0.924,0,0,1100,16,52,,,,,,,,
2/11/24 7:46,ON6,17,2223,2002,0.901,0,0,1049,1,109,,,,,,,,
2/11/24 8:03,ON6,18,2357,1911,0.811,0,0,1061,8,16,,,,,,,,
2/11/24 8:20,ON6,19,2769,2537,0.916,0.17,0,1332,222,273,,,,,,,,
2/11/24 8:37,ON6,20,2469,2424,0.982,0,0,1280,117,7,,,,,,,,
2/11/24 8:54,ON6,21,2172,2235,1.029,0.03,0,1046,6,30,,,,,,,,
2/11/24 9:11,ON6,22,2450,2296,0.937,0,0.019,1056,11,228,,,,,,,,
2/11/24 9:27,ON6,23,2519,2165,0.86,0,0,999,10,226,,,,,,,,
2/11/24 9:44,ON6,24,2592,2384,0.92,0,0.019,1199,70,379,,,,,,,,
2/11/24 10:01,ON6,25,2207,1877,0.85,0,0,1313,104,188,,,,,,,,
2/11/24 10:18,ON6,26,4016,3308,0.824,0,0.152,1193,135,391,,,,,,,,
2/11/24 10:35,ON6,27,2906,2542,0.875,0.03,0.114,1108,246,225,,,,,,,,
2/11/24 10:52,ON6,28,2317,1979,0.854,0,0,1076,59,44,,,,,,,,
2/11/24 11:09,ON6,29,2353,1982,0.842,0,0,1052,0,75,,,,,,,,
2/11/24 11:26,ON6,30,1957,1867,0.954,0.08,0,1135,91,72,,,,,,,,
2/11/24 11:42,ON6,31,2342,2139,0.913,0,0,1029,36,229,,,,,,,,
2/11/24 11:59,ON6,32,2927,2881,0.984,0.11,0,1635,233,153,,,,,,,,
2/11/24 12:16,ON6,33,2361,2244,0.95,0,0,1212,58,430,,,,,,,,
2/11/24 12:33,ON6,34,2351,2155,0.916,0,0,1199,44,404,,,,,,,,
2/11/24 12:50,ON6,35,2239,1986,0.887,0.1,0,1112,120,69,,,,,,,,
2/11/24 13:07,ON6,36,2489,2547,1.023,0.13,0.019,1181,64,107,,,,,,,,
2/11/24 13:24,ON6,37,2367,2458,1.039,0,0,1123,30,476,,,,,,,,
2/11/24 13:41,ON6,38,2818,2858,1.014,0,0.057,1553,144,344,,,,,,,,
2/11/24 13:57,ON6,39,2826,2458,0.87,0.02,0,1183,70,57,,,,,,,,
2/11/24 14:14,ON6,40,2622,2374,0.906,0,0,1115,39,510,,,,,,,,
2/11/24 14:31,ON6,41,2614,2363,0.904,0.16,0,833,82,402,,,,,,,,
2/11/24 14:48,ON6,42,3087,2896,0.938,0,0.076,253,54,397,,,,,,,,
2/11/24 15:05,,,3130,2981,0.952,0,0,659,119,97,,,,,,,,
2/11/24 15:22,,,3427,3076,0.898,0,0,1186,232,135,,,,,,,,
2/11/24 15:39,,,2760,2739,0.993,0.12,0,450,95,145,,,,,,,,
2/11/24 15:56,,,3043,3134,1.03,0.14,0.019,501,121,254,,,,,,,,
2/11/24 16:12,,,3273,3114,0.951,0.14,0.057,845,296,277,,,,,,,,
2/11/24 16:29,,,2957,2931,0.991,0.15,0.133,1224,482,711,,,,,,,,
2/11/24 16:46,,,2797,2834,1.013,0,0,513,79,317,,,,,,,,
2/11/24 17:03,,,2592,2477,0.955,0.18,0.019,684,160,125,,,,,,,,
2/11/24 17:20,,,3815,3753,0.984,0.07,0.152,1786,754,921,,,,,,,,
2/11/24 17:37,,,2612,2641,1.011,0.07,0.019,390,117,236,,,,,,,,
2/11/24 17:54,,,2863,2862,1,0,0,118,7,551,,,,,,,,
2/11/24 18:11,,,3617,3591,0.993,0.12,0,1255,404,740,,,,,,,,
2/11/24 18:27,,,3034,3054,1.007,0,0.152,1367,333,359,,,,,,,,
2/11/24 18:44,,,2745,2697,0.982,0.12,0,1050,74,75,,,,,,,,
2/11/24 19:01,,,3084,3086,1.001,0.17,0.057,1605,520,571,,,,,,,,
2/11/24 19:18,,,2509,2455,0.979,0,0,1120,36,43,,,,,,,,
2/11/24 19:35,,,2486,2441,0.982,0,0,1033,20,205,,,,,,,,
2/11/24 19:52,,,3498,3429,0.98,0.05,0.076,1307,296,321,,,,,,,,
2/11/24 20:09,,,3051,2877,0.943,0,0,819,119,144,,,,,,,,
2/11/24 20:26,,,3222,2970,0.922,0,0,987,213,426,,,,,,,,
2/11/24 20:42,,,3736,3498,0.936,0,0.114,1434,656,1174,,,,,,,,
2/11/24 20:59,,,2819,2798,0.993,0,0.057,1298,319,474,,,,,,,,
2/11/24 21:16,,,3085,2873,0.931,0,0,1265,26,144,,,,,,,,
2/11/24 21:33,,,3113,3038,0.976,0,0,1177,77,195,,,,,,,,
2/11/24 21:50,,,3573,3401,0.952,0,0,1358,122,207,,,,,,,,
2/11/24 22:07,,,2887,2506,0.868,0,0.057,1166,154,407,,,,,,,,
2/11/24 22:24,,,3146,2660,0.845,0,0.019,1186,38,433,,,,,,,,
2/11/24 22:41,,,3767,3241,0.86,0,0,1885,441,695,,,,,,,,
2/11/24 22:57,,,3608,3161,0.876,0.09,0.133,1716,802,1143,,,,,,,,
2/11/24 23:14,,,2535,2234,0.881,0,0.076,826,273,465,,,,,,,,
2/11/24 23:31,,,2540,2072,0.816,0,0,39,0,89,,,,,,,,
2/11/24 23:48,,,3034,2611,0.86,0.08,0,642,96,172,,,,,,,,
2/12/24 0:05,,,3118,2568,0.824,0,0,1150,70,26,,,,,,,,
2/12/24 0:22,,,3023,2475,0.819,0,0,1079,84,296,,,,,,,,
2/12/24 0:39,,,3014,2379,0.789,0,0,1384,183,156,,,,,,,,
2/12/24 0:56,,,2848,2668,0.937,0.1,0.095,1441,283,257,,,,,,,,
2/12/24 1:12,,,2767,2363,0.854,0,0,1010,15,90,,,,,,,,
2/12/24 1:29,,,3141,2589,0.824,0,0,800,15,280,,,,,,,,
2/12/24 1:46,,,2314,1966,0.85,0,0,1561,149,50,,,,,,,,
2/12/24 2:03,,,3136,2643,0.843,0.11,0.057,1063,214,420,,,,,,,,
2/12/24 2:20,,,2868,2541,0.886,0,0,798,312,634,,,,,,,,
2/12/24 2:37,,,2484,2071,0.834,0,0,166,22,792,,,,,,,,
2/12/24 2:54,,,2887,2248,0.779,0.08,0,407,146,331,,,,,,,,
2/12/24 3:11,,,2988,2761,0.924,0,0.038,858,250,618,,,,,,,,
2/12/24 3:27,,,2232,1784,0.799,0,0,235,24,331,,,,,,,,
2/12/24 3:44,,,2701,2207,0.817,0,0,43,0,360,,,,,,,,
2/12/24 4:01,,,2206,1777,0.806,0,0,99,7,160,,,,,,,,
2/12/24 4:18,,,2906,2611,0.899,0,0.095,1301,297,224,,,,,,,,
2/12/24 4:35,,,2473,2367,0.957,0,0,1099,25,135,,,,,,,,
2/12/24 4:52,,,2232,2105,0.943,0,0,1295,48,565,,,,,,,,
2/12/24 5:09,,,2233,2110,0.945,0,0,1085,26,378,,,,,,,,
2/12/24 5:26,,,2229,1960,0.879,0.03,0,1057,8,398,,,,,,,,
2/12/24 5:42,,,2129,1949,0.915,0.09,0,1239,144,190,,,,,,,,
2/12/24 5:59,,,2275,2180,0.958,0,0,1042,11,515,,,,,,,,
2/12/24 6:16,,,3315,3083,0.93,0,0,1401,239,590,,,,,,,,
2/12/24 6:33,,,2049,1807,0.882,0,0.057,214,56,103,,,,,,,,
2/12/24 6:50,,,2206,1823,0.826,0,0.019,66,0,80,,,,,,,,
2/12/24 7:07,,,1950,1611,0.826,0,0,737,269,47,,,,,,,,
2/12/24 7:24,,,2624,2396,0.913,0.14,0,1373,564,488,,,,,,,,
2/12/24 7:41,,,2431,2362,0.972,0.03,0,372,46,245,,,,,,,,
2/12/24 7:57,,,2409,2085,0.866,0,0,88,9,218,,,,,,,,
2/12/24 8:14,,,2224,2027,0.912,0,0,58,3,12,,,,,,,,
2/12/24 8:31,,,2165,1948,0.9,0.03,0,160,24,247,,,,,,,,
2/12/24 8:48,,,2736,2155,0.788,0,0,417,86,392,,,,,,,,
2/12/24 9:05,,,2539,2555,1.006,0.17,0,1304,141,22,,,,,,,,
2/12/24 9:22,,,2317,2189,0.944,0,0,1300,64,674,,,,,,,,
2/12/24 9:39,,,2219,2191,0.987,0,0.076,1173,45,483,,,,,,,,
2/12/24 9:56,,,2274,2102,0.924,0,0,1051,11,796,,,,,,,,
,,,,,,,,,,,,,,,,,,
,,,,,,,,,,,,,,,,,,